date,s5p_no2_column,s5p_co_column,s5p_so2_column
2024-01-01,0.00023950548026123735,0.07025182971165221,0.0003871220513575006
2024-01-02,0.0002465032897242242,0.06608808761121185,0.00042507810894439556
2024-01-03,0.0002432272081929337,0.0667440003185253,0.00040338889315440777
2024-01-04,0.00019064608647854564,0.06879005053080617,0.0004012775236208745
2024-01-05,0.00023310528146255796,0.06714493191295764,0.0004138217009822858
2024-01-06,0.00019965610313869134,0.07201955254615573,0.00039020968932378287
2024-01-07,0.00020246026014068526,0.06639404569329364,0.0003755559695993298
2024-01-08,0.0002164116622948765,0.0699855028000406,0.00042331777842611603
2024-01-09,0.00022534354095476612,0.06816503481699851,0.0004673339010291701
2024-01-10,0.00023485784421293712,0.07525679958731928,0.000362600735309619
2024-01-11,0.00023758325713375052,0.07257224395798755,0.00042012865026677416
2024-01-12,0.00023030981411316078,0.06109297061836333,0.00045795317332549977
2024-01-13,0.00022208639957438682,0.0728641560435699,0.0004366799110373792
2024-01-14,0.00020411354117829292,0.06372536977661207,0.0004658370656921988
2024-01-15,0.00020703739465958182,0.06819282427451456,0.00038204255462995245
2024-01-16,0.00023568650228383899,0.07456640000419332,0.00040211244101879775
2024-01-17,0.000203849639867229,0.07531135318481537,0.00036556761864921374
2024-01-18,0.00021368753362107444,0.0665017368225044,0.0003765230406238247
2024-01-19,0.0002046975015043497,0.07597720451706652,0.0003899350657207467
2024-01-20,0.0002170108343222014,0.07022989986555592,0.0003825202288529627
2024-01-21,0.00023036505724759632,0.07348362964012521,0.0004030029260974295
2024-01-22,0.00022592000490768578,0.07065187075903243,0.0004127713040395853
2024-01-23,0.0002131549008774466,0.0629594485571463,0.00045290015227341393
2024-01-24,0.00021931019570356052,0.06560245091731871,0.0004274479739446845
2024-01-25,0.0002384894739381284,0.07495286058669753,0.00037164778443698386
2024-01-26,0.00017684322687688237,0.06363052471539754,0.0003184550240004739
2024-01-27,0.0002243550857578404,0.06762998642030017,0.0003851494255208029
2024-01-28,0.00021783313692829744,0.06807877850708285,0.0004412714605672804
2024-01-29,0.00020086597116518998,0.06614277681743447,0.00044862106928955235
2024-01-30,0.00022584861466019894,0.07781232179317485,0.00034263275515913596
2024-01-31,0.00022887065949943013,0.07201625913282407,0.000369394302039092
2024-02-01,0.00020720155714991386,0.07185444998167573,0.0003624353987311685
2024-02-02,0.00020105281184026053,0.0675503455924588,0.00035752781519445497
2024-02-03,0.00022162713978703924,0.06828458641446877,0.00041512445978472294
2024-02-04,0.0001851734747126509,0.07333704023916185,0.0004189139657397421
2024-02-05,0.00018376258296746626,0.06325983587741302,0.00033840322546283393
2024-02-06,0.00022557018003820139,0.07350683340315438,0.0004190521463464328
2024-02-07,0.00021912536613218365,0.06655735751398174,0.00039167586606389824
2024-02-08,0.00020947941303266202,0.06695163952777122,0.00035213242792503895
2024-02-09,0.00022492426215600127,0.06313137777817153,0.000432705930639345
2024-02-10,0.00021641525629944547,0.07633178005095755,0.0003128317961582783
2024-02-11,0.00022602766691702796,0.07450465162853591,0.0003486348425941676
2024-02-12,0.00022278447256711035,0.07667635102170214,0.00041473065593050943
2024-02-13,0.0002308661958629403,0.07359870668664294,0.00036064852082964426
2024-02-14,0.00021469558572813683,0.06955021115376199,0.0004043720757371769
2024-02-15,0.00019075690729397984,0.06632920583246331,0.00048092392670420205
2024-02-16,0.00020369588066783574,0.0602261457600162,0.0003425609752005907
2024-02-17,0.0002218284740921276,0.06695358536313123,0.00024433406974788793
2024-02-18,0.00019662229572717474,0.06531041148474871,0.0004436141694928044
2024-02-19,0.00021238970719430217,0.06735699493143868,0.0003978042619945371
2024-02-20,0.0001895456768913188,0.06367639623288006,0.0003076256368558889
2024-02-21,0.00018211432281432197,0.0630085643391248,0.00029703443658397796
2024-02-22,0.00021237499661592077,0.06186781862835233,0.00039466312310016685
2024-02-23,0.00024241377046799412,0.06808464623799909,0.00039707595993327674
2024-02-24,0.00020266109109755217,0.0653899351411657,0.00034849768593570425
2024-02-25,0.00018644144965600473,0.06548979027700617,0.00037964242579489405
2024-02-26,0.00017322216288817902,0.06094959616636662,0.0003194857153077347
2024-02-27,0.00016218589412845378,0.06258053038108745,0.0004122595703307941
2024-02-28,0.0002059845376551876,0.06133535887493645,0.00035034024907102106
2024-02-29,0.00015536274876729297,0.0672883341871625,0.00037978247839864
2024-03-01,0.00019210764699947373,0.059919090967990835,0.0003534952260459304
2024-03-02,0.0001909248734653055,0.057313564930910346,0.00033522007073006775
2024-03-03,0.00016492149931170472,0.06401541145711748,0.0004443677684942425
2024-03-04,0.00020892746134962344,0.06600076235438171,0.00027898698893829297
2024-03-05,0.00017658283526199585,0.061151687338115365,0.0003744946041666763
2024-03-06,0.0001570422868252248,0.059149410168506854,0.0003636919567033068
2024-03-07,0.00021590596408439805,0.061638771136541204,0.00038404286696079403
2024-03-08,0.00018759975941657955,0.06050628318609571,0.0002857606119912527
2024-03-09,0.00018138551858614874,0.05754612922051659,0.00033708980464866725
2024-03-10,0.00019216147178501456,0.062494239023102215,0.0002869564610754919
2024-03-11,0.0001886652382783785,0.05672752812266862,0.00036965236541142696
2024-03-12,0.00018837791213987672,0.05764362907136255,0.0003038015838222721
2024-03-13,0.00017421518288697187,0.05374091453341778,0.00034118954696335285
2024-03-14,0.00018246795536864022,0.05794173275519135,0.0003388765145467896
2024-03-15,0.00018524465766481637,0.05376626152809813,0.00036968282096994836
2024-03-16,0.00018167461458093375,0.06060325079065446,0.0003513227051186908
2024-03-17,0.00017401200500540383,0.05828136826761446,0.00032200925233695195
2024-03-18,0.00018910113165900496,0.055621567027271494,0.0002803130552226177
2024-03-19,0.0001788816736125563,0.05566242647437299,0.0003657035033746249
2024-03-20,0.00016293736499501502,0.054798521043919766,0.00029743723820466097
2024-03-21,0.00015646265558076378,0.05504984858957766,0.0003188373956554545
2024-03-22,0.00016619120872914572,0.052531002967683524,0.00028718629119984054
2024-03-23,0.00015071852394406014,0.050798300654375496,0.0002154891265495819
2024-03-24,0.00015839126478862594,0.056752217524011585,0.0002662939987327347
2024-03-25,0.0001766909677363197,0.05846711366970379,0.00032757579340170814
2024-03-26,0.00016628087730358269,0.05637724096923035,0.0003222333139556696
2024-03-27,0.0001583687027136879,0.057449225081480905,0.00036804983415242233
2024-03-28,0.00015092390027460098,0.05023277062435045,0.0003033481194380537
2024-03-29,0.00016714226043752008,0.04840768864320781,0.00035968215252201303
2024-03-30,0.00014306923976469698,0.05848475281434264,0.0002284484199234315
2024-03-31,0.00013963785415281048,0.05557127892787816,0.0003241278335026949
2024-04-01,0.00015482083775991524,0.05690075627612556,0.00020097942472715655
2024-04-02,0.00013228586198053976,0.045060197337792526,0.0002710410111834645
2024-04-03,0.00015474782502739967,0.04352808429437861,0.0002073736558309422
2024-04-04,0.0001358660607913117,0.055411600342719074,0.000328598613170938
2024-04-05,0.00013977169251886085,0.04655639335332272,0.00031661011062024283
2024-04-06,0.0001626003991247717,0.054139314588916555,0.0003098415935690017
2024-04-07,0.00014060712612669926,0.05526124185100501,0.00031025293679418634
2024-04-08,0.00013006290380059666,0.04836674653944147,0.0002370532239586659
2024-04-09,0.00017413229676443507,0.0499973317476723,0.0002347799182847907
2024-04-10,0.0001361810641896236,0.053695338114366595,0.00040013087240946905
2024-04-11,0.0001455178732153429,0.0506890384063813,0.00025036018606449474
2024-04-12,0.00015097373800413317,0.04795327349028061,0.00024947517589701476
2024-04-13,0.00015909611779582722,0.04593640404233204,0.0003143931106841939
2024-04-14,0.00013968198174608062,0.04590128267005067,0.00024018562314559084
2024-04-15,0.00014381367899980694,0.04940129550276191,0.00024655473946580165
2024-04-16,0.0001528562723156732,0.04503434010163851,0.00011567037080362753
2024-04-17,0.00013115469876080982,0.048773605192633275,0.00017823296947909456
2024-04-18,0.00011855905113289999,0.04490334604828112,0.00022629369524275253
2024-04-19,0.00011493800413987437,0.05006020990317874,0.0002890653322108008
2024-04-20,0.00011165430458044229,0.040084067080404885,0.0002656503069629791
2024-04-21,0.00013056734108564473,0.04994311794044807,0.0001953341773654768
2024-04-22,0.00010540990158972213,0.045034564539496294,0.00023210941911293808
2024-04-23,9.434276736378647e-05,0.042096634968400305,0.00019852917112064632
2024-04-24,0.00012121447713837773,0.050914636376209424,0.0002729686754591823
2024-04-25,9.64258195814891e-05,0.04386911726015347,0.00018546769066554085
2024-04-26,0.00010943316868992059,0.04893456274991203,0.00023281963638028123
2024-04-27,0.00012135019633962812,0.039494264830198876,0.00021276211718607066
2024-04-28,8.814867090711691e-05,0.036050789868950696,0.00019869465461004298
2024-04-29,0.00011531873016136241,0.039975672789540284,0.00019488728935215943
2024-04-30,0.00010706503405018022,0.04287637921415832,0.00026631589052815516
2024-05-01,0.00013566580064303872,0.04529982518916702,0.0001645984807318512
2024-05-02,0.00011141104080209676,0.03857651991377246,0.0002112824558028598
2024-05-03,0.00012123264607939405,0.044844171646268215,0.0003095289057191252
2024-05-04,0.0001091018780657505,0.03762744936400657,0.00023176517631057523
2024-05-05,5.2897701915773455e-05,0.04078562401168926,0.0001658373991711413
2024-05-06,8.834994642864344e-05,0.0347363699152181,0.0001767390270751242
2024-05-07,8.191047149759483e-05,0.04138447094571071,0.00011744989766000704
2024-05-08,0.0001089567189749705,0.03573586173817842,0.00022243280214215896
2024-05-09,0.00010857941130345086,0.0360978224547411,0.00026128331441889664
2024-05-10,0.000124928982625948,0.040951823660885435,0.00014759749054285229
2024-05-11,0.00010846484962605035,0.03828304401677401,0.000180054976419474
2024-05-12,8.01987310800741e-05,0.03692797564345844,0.0001270624429337198
2024-05-13,6.462866269038077e-05,0.03158839026408181,5.9622423881237896e-05
2024-05-14,0.00010009174699727042,0.03824007918965122,0.0001453774858592661
2024-05-15,0.00010312153658006791,0.04256431754226528,0.0002510364099862664
2024-05-16,6.78499048297858e-05,0.035180478659197975,7.551918250152896e-05
2024-05-17,9.343413119498165e-05,0.03827582987416669,0.00018369618969343412
2024-05-18,7.63498281953976e-05,0.04623322499054341,0.00014042843258673982
2024-05-19,5.9978109478996344e-05,0.03789853984039072,0.00016558873689396839
2024-05-20,8.673142039845733e-05,0.03541829670456144,0.0001532416280735209
2024-05-21,7.349270675973642e-05,0.03301324777065404,0.00022917286329443115
2024-05-22,6.163284517937853e-05,0.024883565301621224,0.00016519711158955664
2024-05-23,6.23450814739226e-05,0.03436601180970965,0.00013597513627738438
2024-05-24,6.470964028983966e-05,0.03380199123750535,0.0002196436736659491
2024-05-25,8.756308326730234e-05,0.03337715778947824,0.00014638855882048366
2024-05-26,9.366631431060263e-05,0.026334157426999037,9.745400946732179e-05
2024-05-27,6.633077985360708e-05,0.04183540903582268,0.0001620219734238704
2024-05-28,7.689829675415324e-05,0.04030733408546796,0.0001887865868323701
2024-05-29,6.054120808119777e-05,0.031094837289923342,8.183788971281207e-05
2024-05-30,6.288378432113544e-05,0.03358602831708594,0.00017938012156363804
2024-05-31,7.452632604592974e-05,0.030201111838032525,0.00019924215983923628
2024-06-01,5.2595838364816934e-05,0.029424585842103418,0.00016948770797755629
2024-06-02,3.410093297052385e-05,0.042628189767876426,0.0001540866908223107
2024-06-03,5.1314962560333154e-05,0.03412324668768094,0.0002355384830291939
2024-06-04,4.4735507183204896e-05,0.035402858198257905,8.741439882518063e-05
2024-06-05,7.379729210817967e-05,0.02918741875028582,0.00016774646592557097
2024-06-06,6.456576053875948e-05,0.018683977943275545,0.00019875239986472183
2024-06-07,4.7257200988516464e-05,0.025960437407141726,7.358028927594189e-05
2024-06-08,5.321471129900172e-05,0.03050906141681438,0.00016979010807593266
2024-06-09,5.646129709473919e-05,0.026109606177638914,0.00011314056972479694
2024-06-10,5.379409265762166e-05,0.02986916346529723,3.54655651565902e-05
2024-06-11,5.943244872054509e-05,0.02680861889770951,0.00014816854801716613
2024-06-12,6.28614097262453e-05,0.02788001481444127,1.721802185915073e-05
2024-06-13,4.412525730048406e-05,0.02630174219842209,0.0001434035616311679
2024-06-14,5.454469675096197e-05,0.029518983718592972,6.1229583398752e-05
2024-06-15,4.2576847034301044e-05,0.03439911440725218,0.00014849990333787677
2024-06-16,5.758174989479844e-05,0.028417064467704083,7.63861419669523e-05
2024-06-17,3.643958017394684e-05,0.023343525831377145,6.544129032770609e-05
2024-06-18,3.8827400093213205e-05,0.024756327907022868,0.00015844616374752955
2024-06-19,2.988714233866891e-05,0.024916768792361838,0.00018078163028146396
2024-06-20,5.168324236111678e-05,0.02553761813499182,0.0001477305799252191
2024-06-21,3.6340781632488186e-05,0.029811655533937748,0.0002562318923770496
2024-06-22,4.293168627486878e-05,0.024011204630436822,0.00010239543049361836
2024-06-23,3.651850463298598e-05,0.02745856575682029,6.048240268033924e-05
2024-06-24,3.561487960733843e-05,0.025989449273031914,6.542164068010278e-05
2024-06-25,5.2077803484936784e-05,0.0245539992558644,0.00010575281091127434
2024-06-26,5.333223861265097e-05,0.025637927387320993,0.0001959469358596901
2024-06-27,5.131472829796834e-05,0.031486336986516074,0.00012577104589949343
2024-06-28,3.9745719972436324e-05,0.029078106118649343,0.00012441483762844376
2024-06-29,5.321101588670421e-05,0.020366979971026676,7.032445662120791e-05
2024-06-30,1.9107830517290802e-05,0.023494462142731896,0.0001392583113196003
2024-07-01,3.952568636580756e-05,0.01990306797192459,9.281568749291242e-05
2024-07-02,2.9629015983924623e-05,0.028972439997412565,6.72373461096848e-05
2024-07-03,4.2361138077239234e-05,0.023049855173709815,0.00018048045609770193
2024-07-04,3.3413246897090195e-05,0.021208787697612995,0.00013094638383436284
2024-07-05,2.451929748889374e-05,0.02972903475825697,7.627222080935168e-05
2024-07-06,4.022754368097179e-05,0.028059826476921176,0.00011257185612129291
2024-07-07,6.57305156043507e-05,0.026618573452762345,0.0001464504044723903
2024-07-08,5.892655506782911e-05,0.026752341952300897,8.957931277779264e-05
2024-07-09,1.4979655270799549e-05,0.028152276924732985,0.00010419859609958084
2024-07-10,3.8185714062187805e-05,0.022417664692867028,4.742213716755198e-05
2024-07-11,6.209065519801742e-05,0.02611857571185502,5.659291943556066e-05
2024-07-12,4.797381681757929e-05,0.024818099475276894,3.2360757278569884e-05
2024-07-13,5.588850667883024e-05,0.01963518952702338,6.503424038924876e-05
2024-07-14,2.9837348778137145e-05,0.030228269591035715,0.0001519515114830959
2024-07-15,3.693404441504427e-05,0.027500144764849063,8.208023042937815e-05
2024-07-16,3.477773969884226e-05,0.02942095635637181,0.00017686046606933282
2024-07-17,3.9518795515013316e-05,0.02412223427334426,7.655482313254142e-05
2024-07-18,3.304346069005697e-05,0.027348686976376022,9.935500652497987e-05
2024-07-19,3.441650845130491e-05,0.023286236840893773,0.00014178023313917638
2024-07-20,4.268231369290959e-05,0.017978718705648135,8.159870738084559e-05
2024-07-21,5.548629110686143e-05,0.024065729710048174,7.924894037138975e-05
2024-07-22,2.5998069578050557e-05,0.0316538878306385,0.00011432295428480348
2024-07-23,2.866114906567628e-05,0.027636151075406623,0.00014844524104569345
2024-07-24,2.696286739155591e-05,0.02385785514031583,0.00011797634014760046
2024-07-25,5.488441523745824e-05,0.027367814880149235,0.00013804658096739373
2024-07-26,6.060348915821273e-05,0.0290853014342606,0.0001371328186021529
2024-07-27,6.262664826831027e-05,0.017690486733317398,7.274114889320259e-05
2024-07-28,6.463059338118238e-05,0.026737163285596836,0.00014516180324929354
2024-07-29,5.3587557376677135e-05,0.03500578807150331,0.00011998383784698899
2024-07-30,3.393192678171516e-05,0.02756898213918411,7.297120294548162e-05
2024-07-31,3.543748881366036e-05,0.025913151631798945,9.765339544275105e-05
2024-08-01,9.288194670795798e-05,0.019330359509008205,0.000165373419014338
2024-08-02,6.846757911340608e-05,0.023187330012118316,0.00010370537156436311
2024-08-03,5.273311255171077e-05,0.032917124167486676,2.70384680634632e-05
2024-08-04,2.241890243070705e-05,0.027190778797407993,7.915614670839612e-06
2024-08-05,3.694192227464042e-05,0.030457057523781157,0.00018670395664593898
2024-08-06,3.922383707453999e-05,0.03342137442207497,0.0002191134332591595
2024-08-07,4.981092366533225e-05,0.02621802120217872,5.7596625173565276e-05
2024-08-08,8.340101348932338e-05,0.028749365503898883,0.00012758002493359343
2024-08-09,4.329044353626195e-05,0.023042392668660053,0.0001191671209641469
2024-08-10,4.757927547705353e-05,0.029298552720998388,3.300473094161252e-05
2024-08-11,7.105726335585239e-05,0.02548050323078834,0.000114131515343112
2024-08-12,6.978667789078731e-05,0.02101024973666323,0.00018768764771423104
2024-08-13,4.561812265341439e-05,0.025518011540515386,6.922837101401664e-05
2024-08-14,4.287243331837902e-05,0.03155715121846839,0.00011765250748205099
2024-08-15,5.199695206355648e-05,0.025347352372445932,0.00014358651955192952
2024-08-16,7.068159686492732e-05,0.02994507524525946,0.0001479464870167168
2024-08-17,5.765057571171587e-05,0.022464264888269362,0.00015477109817143414
2024-08-18,5.680781774715675e-05,0.02443355950199232,0.0001598222865457458
2024-08-19,7.431186659793221e-05,0.024691702041449253,-2.6370387827944083e-06
2024-08-20,6.235370038746594e-05,0.025325527426847416,9.214975761919176e-05
2024-08-21,7.315453317252276e-05,0.03106811822603042,0.00016164002999577047
2024-08-22,6.415110895370819e-05,0.027484300830336164,0.00014727527445265176
2024-08-23,6.402584747942413e-05,0.024109610836465744,7.944356955624001e-05
2024-08-24,4.0116341660046765e-05,0.030348979717759746,0.0002409738301189637
2024-08-25,5.802829611861644e-05,0.028607099911400993,0.00010705091434038886
2024-08-26,8.739068228098608e-05,0.0340703175761598,3.911415556352207e-05
2024-08-27,6.119581788315243e-05,0.03397290789923304,0.0001328162874042795
2024-08-28,4.794637203550936e-05,0.029588164530395863,0.00012757480265726813
2024-08-29,7.482907063674963e-05,0.03262792489622885,0.00019857966054014105
2024-08-30,7.497607464955272e-05,0.02398561265204501,0.00010895906919581779
2024-08-31,4.9180695396848205e-05,0.036080547702335736,0.00014160207186450125
2024-09-01,6.735004502622524e-05,0.02790166574607057,0.00016107740498376877
2024-09-02,8.291401118888908e-05,0.03418484243423458,0.00015304219743750636
2024-09-03,7.139630861220212e-05,0.031152311549350394,0.0001806170070526239
2024-09-04,4.416696519855687e-05,0.030887238365783855,5.682757324449102e-05
2024-09-05,7.744603853478038e-05,0.03183309732642924,0.0002131398616736257
2024-09-06,9.26173758915576e-05,0.02802569537067076,0.00016515658315254434
2024-09-07,8.24731959366936e-05,0.03720363595776461,0.00016657936183527957
2024-09-08,0.00010331500008462199,0.02418971525175832,0.00019924492545521472
2024-09-09,8.390660377709429e-05,0.030645866726436315,0.00016838805136265838
2024-09-10,7.438978209729271e-05,0.027495582551384234,0.00010797888354499149
2024-09-11,7.084360959237011e-05,0.030186772049000388,0.0001464593549448145
2024-09-12,9.386307143264527e-05,0.028012363276215948,0.0001741270604574163
2024-09-13,8.521148765161659e-05,0.028856147242578255,0.0002317483212431917
2024-09-14,0.00010187629046331368,0.03521078105456669,0.00010459666738359159
2024-09-15,6.850084973408675e-05,0.04115745607831045,0.00017511111522923236
2024-09-16,0.00011879563750208864,0.03749692006616466,0.00019480416753378022
2024-09-17,9.207894918512466e-05,0.03867954325045111,0.00014105287310518756
2024-09-18,0.00010927586674376591,0.0374166086561237,0.00020617973581805497
2024-09-19,8.608069234392601e-05,0.035104327382099586,0.00015614079024770417
2024-09-20,0.00012413968195495637,0.039056256321928266,0.0002058136057369508
2024-09-21,0.00011303143892138322,0.03822028407637272,0.00012253423443513384
2024-09-22,0.0001068984348617412,0.04239926164344861,5.1763858068404605e-05
2024-09-23,0.00011549312185231577,0.04513702685221207,0.00025309484257069853
2024-09-24,9.550254503366467e-05,0.039559878916190755,0.0001551252780039675
2024-09-25,0.0001312490795670475,0.03762233483755423,0.0002546268035130551
2024-09-26,0.0001064219069602486,0.03973360007160031,0.00015091180623054705
2024-09-27,9.636509788909686e-05,0.0394912014426586,0.00023205065753821333
2024-09-28,5.8973977598059286e-05,0.046014938126443534,0.00020626800831408289
2024-09-29,0.00011515247578486247,0.04193819055510654,0.00022947997336941056
2024-09-30,0.00011654158349023463,0.04212127231938364,0.00019772461227371616
2024-10-01,8.235492173912806e-05,0.035375145818582754,0.0002501239341669692
2024-10-02,0.00012006151347535485,0.03597264716669182,0.0003128539634860626
2024-10-03,0.00013216359704698656,0.039487935750718295,0.0002564050803564608
2024-10-04,7.564344332370023e-05,0.04712344994263568,0.0001621420936938667
2024-10-05,0.0001140872927369167,0.04677067965985108,8.535872687531656e-05
2024-10-06,0.0001227126797659195,0.044223651460369176,0.0001509575777440705
2024-10-07,0.00012918065140768062,0.04703237078183352,0.0002306826726644906
2024-10-08,0.0001331529877535541,0.04397244999648418,0.00018147009967741268
2024-10-09,0.00011207229724455707,0.04949494231322991,0.00023553919660256604
2024-10-10,7.210617694829028e-05,0.04029795108699548,0.00025458980688196993
2024-10-11,0.0001292919084303248,0.04074549681281676,0.00025511247269624043
2024-10-12,0.00015622700681477782,0.04254202406651355,0.0003213540616094643
2024-10-13,0.0001319913967689715,0.049735340156660944,0.0002680177082810556
2024-10-14,0.0001336995044275957,0.04257911838087955,0.00020820453560894644
2024-10-15,0.0001255631070688917,0.04460736276003632,0.00018241466887984362
2024-10-16,0.0001340033155829701,0.05119276378005105,0.00027953592197278054
2024-10-17,0.00014404781551886884,0.048422757555272165,0.0003095117560388691
2024-10-18,0.0001163207027653389,0.050802414474985035,0.0002809863025417164
2024-10-19,0.00014566081242989326,0.042985092494931966,0.00023391809540964297
2024-10-20,0.0001590897464281012,0.047194512106203464,0.00021914215960492687
2024-10-21,0.00011374565466751969,0.05158368143010544,0.0002519261369366252
2024-10-22,0.0001260043863952014,0.058147693456934504,0.00023681990334586175
2024-10-23,0.00012691476977027102,0.05880061467840817,0.0002688454729628927
2024-10-24,0.00014443221324890923,0.049769992952163875,0.0003001359453732227
2024-10-25,0.00014567965162665052,0.051216386334964385,0.00027338879261785894
2024-10-26,0.00013759936805561167,0.04900869029183764,0.00021526955569763537
2024-10-27,0.00013839389915329867,0.05271154029764788,0.0003042218708148487
2024-10-28,0.0001669773782473832,0.05721581796559739,0.00029350473246715533
2024-10-29,0.0001363893754397052,0.04472904408875815,0.00027821449219510064
2024-10-30,0.00015132662089427452,0.05251096926853016,0.00021053805411339976
2024-10-31,0.00016361681126663867,0.056128131689149735,0.0002420503694270642
2024-11-01,0.00016940335781835035,0.05123674808038958,0.00037312325182842524
2024-11-02,0.0001471749064785434,0.06011817126694094,0.00030101548125726794
2024-11-03,0.00017149038483908548,0.052426184569083795,0.00025937505316466874
2024-11-04,0.00014674409086935756,0.05804185202051677,0.00030330693785928
2024-11-05,0.00013716198419025735,0.056913886528843265,0.00023132491955628288
2024-11-06,0.00015895373865213637,0.06208146577815851,0.0003140913764779191
2024-11-07,0.00015541353422078853,0.061852750631590556,0.0003126125708521862
2024-11-08,0.0001722599489427616,0.0532175357643588,0.0002945960107572926
2024-11-09,0.00015885009029608865,0.05870291139379054,0.0003843460584348414
2024-11-10,0.00017465110889544077,0.05286715079832439,0.0003188045163854098
2024-11-11,0.0001711689210381277,0.0610076664994489,0.00039028017575760585
2024-11-12,0.00016647637004966125,0.06182867042600902,0.00023029005236830245
2024-11-13,0.00014952631933894462,0.052006133000706285,0.0003141432125203952
2024-11-14,0.00018433268406905454,0.06417849591750113,0.000330335778314617
2024-11-15,0.00017927145902081243,0.053377204920539795,0.00028306504461126514
2024-11-16,0.00018127550583740568,0.05744988142485672,0.00033244042533773686
2024-11-17,0.00019926805759542962,0.05465037603110558,0.00028618401476017993
2024-11-18,0.0001738030254898433,0.05925176101834164,0.0003924387519975389
2024-11-19,0.0001790494990272405,0.06303295516547756,0.0003411485905735258
2024-11-20,0.00018720124097256982,0.06134751662866409,0.0002817173106236927
2024-11-21,0.00016362437597097594,0.06732459176568936,0.0002921347869580782
2024-11-22,0.00016894297037261266,0.05832945107810953,0.00036079229861522995
2024-11-23,0.00019456129542353142,0.06406497788278483,0.0003625345591040624
2024-11-24,0.00016165276260987808,0.06156329372889366,0.00026409239519711576
2024-11-25,0.00017425103357793112,0.06417916963263204,0.00023871649919947802
2024-11-26,0.00019164689672330148,0.06055350330219808,0.0003462509969054881
2024-11-27,0.00020936792294819453,0.06659980067044903,0.00033053377310091514
2024-11-28,0.00019126154511357697,0.06353906844791699,0.0003549315030522394
2024-11-29,0.00020457526152287017,0.060675435400280496,0.000409052939315647
2024-11-30,0.00018491160502915,0.056596344657539495,0.00037357788108317164
2024-12-01,0.0002041414618049152,0.06452422129659978,0.0002804964351096389
2024-12-02,0.00021402672335513572,0.06261350152133562,0.00036730958724942586
2024-12-03,0.00017685344736191271,0.06333264296824617,0.00036965334290853165
2024-12-04,0.00018222772453845948,0.0660886755692995,0.0002927577535349967
2024-12-05,0.00020255607517644903,0.07002900485143121,0.0003570879064296218
2024-12-06,0.00019676321384710498,0.07022617074892336,0.0004005446061469672
2024-12-07,0.00019975393253434092,0.07213394283321298,0.0003788889045533589
2024-12-08,0.00020256433097341103,0.057890426018809546,0.0003181414096318193
2024-12-09,0.0002139753986975357,0.063208790749887,0.0003337333166916251
2024-12-10,0.00023099648285020765,0.06486469546104641,0.000387275081063722
2024-12-11,0.00021262485113434686,0.06306466679954545,0.00039473119861983515
2024-12-12,0.00022812655566478173,0.0663692191858123,0.0003596345337570406
2024-12-13,0.00019797613345795822,0.06832432188117749,0.00036530611637641054
2024-12-14,0.00023685776153749912,0.0661282991578647,0.0004862739398616866
2024-12-15,0.0001986236383379128,0.06857225297528889,0.00031106370097896686
2024-12-16,0.00019195593252683288,0.07431044810463575,0.0004036004327511051
2024-12-17,0.0002087928718621623,0.06771879065974712,0.0004261151326828899
2024-12-18,0.0002154838240859585,0.06338598079729489,0.0003449020800190049
2024-12-19,0.0002089200044946968,0.06180466662095459,0.0003565593631955829
2024-12-20,0.00020316001489997782,0.06347827501807685,0.0004075825956277628
2024-12-21,0.00020496170610428862,0.06350440447524472,0.0004050194178541322
2024-12-22,0.00020812309381603068,0.06136103220035532,0.0004553578522038794
2024-12-23,0.00021121676485204058,0.06416494636536166,0.0003685388668170305
2024-12-24,0.0002109140387552256,0.06861479319239314,0.0004389305699742989
2024-12-25,0.00021501821507294844,0.0715072218819866,0.00045320530333281837
2024-12-26,0.00022612953428065,0.06579947021174126,0.00040630614730408467
2024-12-27,0.0002106092411383279,0.0723357048568567,0.0004174421129726297
2024-12-28,0.00019154491837040672,0.073267003501938,0.0004017224961456311
2024-12-29,0.00021484913588574672,0.06359039816848529,0.0003597235055865527
2024-12-30,0.00020822798927771857,0.06883949748643564,0.00033354605932319674
2024-12-31,0.000224155484168736,0.06434617454239099,0.00044888055861994395
2025-01-01,0.00022106587146360565,0.06607084966811659,0.0003305655300314785
2025-01-02,0.00018871263284298318,0.07188960094406331,0.000497652590024873
2025-01-03,0.00021645039260225401,0.06833894438298942,0.00035086575737836067
2025-01-04,0.00022139569533214805,0.058534145137663154,0.0004551585492409729
2025-01-05,0.00019813759960011574,0.06722712126848619,0.0003866238166868268
2025-01-06,0.00022742151646729556,0.0673378211713731,0.0003505309693362978
2025-01-07,0.00020488600756994827,0.06837168127721636,0.0003415748867029671
2025-01-08,0.0002227400412916573,0.07806131775892323,0.0002929078040422338
2025-01-09,0.00022146101716079218,0.07052893808528335,0.00040919226270429935
2025-01-10,0.0002392214314012984,0.06861634356275656,0.00044712334994165335
2025-01-11,0.00022680689139427986,0.06650913912423849,0.00047863738528371814
2025-01-12,0.00021300771402204237,0.06847912558862239,0.0004476367774439838
2025-01-13,0.00021636970207300005,0.07521058721842581,0.0003890424751080881
2025-01-14,0.00022377896421776024,0.06751940562216269,0.00034291070350295455
2025-01-15,0.00021199318740408162,0.06907951847034437,0.00040847251658867245
2025-01-16,0.00020554109755995483,0.07839104482000407,0.0004230039756534669
2025-01-17,0.00020127429758273356,0.06613533419967549,0.0004585077996405847
2025-01-18,0.00020519042784340467,0.06525840501374,0.00036824465040077544
2025-01-19,0.0002423069219741112,0.07863761635467471,0.00042356063930653926
2025-01-20,0.00022397785559269875,0.06982403197232391,0.00038294131289546657
2025-01-21,0.00024212250520355924,0.06764773804857226,0.00035655591742927403
2025-01-22,0.00020326583048325134,0.07229243369376961,0.000478768683568985
2025-01-23,0.00023385175954779544,0.06951472343020045,0.000367493342632797
2025-01-24,0.00021994364748175474,0.06324315592745161,0.0004349921603692994
2025-01-25,0.00021811322359737405,0.07090842496102043,0.0003194639074663294
2025-01-26,0.00020853406451469704,0.06502055158980638,0.00042580442693033235
2025-01-27,0.00020739938546776232,0.07293281316225615,0.0003940163221415476
2025-01-28,0.00020730915713859392,0.06072864858171284,0.0004822837677498777
2025-01-29,0.00021925797929602255,0.0666591387507488,0.0003820590101274469
2025-01-30,0.0002107714193060055,0.06825188371611197,0.00038771772853438407
2025-01-31,0.00024888179105819486,0.06789644695423735,0.00042228667200733136
2025-02-01,0.00022520352795312178,0.06241459899645213,0.00031334707448004253
2025-02-02,0.00020210998811385637,0.06441829330135573,0.0003610264080579292
2025-02-03,0.00022816780433631168,0.07043182719709506,0.0003721205403955854
2025-02-04,0.00020867200524234085,0.0677561178944897,0.00038938250659452286
2025-02-05,0.00020357112578554793,0.06592935177985773,0.0003853042554403556
2025-02-06,0.00019746409471796053,0.07128316344403585,0.0003692566386998198
2025-02-07,0.0002074580086933837,0.07015892991454735,0.00032288785744065347
2025-02-08,0.0002378486586848544,0.07184584895998175,0.00033790931969264595
2025-02-09,0.0002005913890926966,0.06481809967663195,0.00032060086539501903
2025-02-10,0.00020289172435246518,0.0648741315903595,0.00043502762279127975
2025-02-11,0.00021833291812776924,0.06708268918320955,0.000334747657986439
2025-02-12,0.0001801309339864262,0.06184557067297892,0.00038354896993409403
2025-02-13,0.00020195514807564463,0.07183020813408572,0.00045229249613991867
2025-02-14,0.0002173194293662516,0.06864908485575011,0.0003365822538715391
2025-02-15,0.00021347411997510348,0.07382734784372391,0.00031110189307312943
2025-02-16,0.0002192510708314151,0.06834077271670036,0.0004758619575975043
2025-02-17,0.0002234524675263763,0.06627237994948809,0.0003969082380590603
2025-02-18,0.00021765628675427716,0.07127839743463656,0.0004127274908893546
2025-02-19,0.0002043141428991536,0.06776664186216282,0.0003791630667336246
2025-02-20,0.00023476402264648307,0.06478574002891105,0.0003808178966580328
2025-02-21,0.0002019968200236216,0.06757879992976903,0.0003790011061788828
2025-02-22,0.00020179410647440323,0.061786798368712696,0.0003321464373975485
2025-02-23,0.00021818464809220545,0.063566155154974,0.00036197621273402865
2025-02-24,0.00018863599579387974,0.06334614701388824,0.0003735528214586863
2025-02-25,0.00021459340679573182,0.06653850380597565,0.00041168772697738285
2025-02-26,0.00017556124147923664,0.06271299025427869,0.0003784499264090418
2025-02-27,0.00019399157702269714,0.05567382498604319,0.0003227577456635153
2025-02-28,0.00019683760628951588,0.07132978590526576,0.00031622563210019695
2025-03-01,0.00017679150296832393,0.06326223684424742,0.00032545574966768914
2025-03-02,0.000187633928910921,0.060617014288142965,0.00040176959097009806
2025-03-03,0.00018175593979665608,0.058088120144094556,0.00038814558936840787
2025-03-04,0.00017591135041542083,0.06231228567235804,0.00032455686010430797
2025-03-05,0.00017493875215035317,0.05729656454846282,0.0003769362679356906
2025-03-06,0.00021266617337146549,0.058167020350545426,0.00029835401056141104
2025-03-07,0.0001988972759879512,0.06483421204566682,0.000408740265410256
2025-03-08,0.00018886618282832758,0.05918692681291551,0.0003378835152547181
2025-03-09,0.0001808654400031972,0.05974548709845456,0.00039859189334814644
2025-03-10,0.00020337244098450372,0.05930212497690617,0.0002732364355772164
2025-03-11,0.00018638324993845256,0.06310222998586891,0.0002824727038042755
2025-03-12,0.00017140720817891206,0.05528937575251204,0.0003133643279953437
2025-03-13,0.000197896041463505,0.05627166337063149,0.0002847568779135211
2025-03-14,0.00021031035850367242,0.059291071036709116,0.000363691735163181
2025-03-15,0.00017984759618909791,0.062447301927819776,0.000334505603124166
2025-03-16,0.00012892292999202944,0.057024794821994934,0.0003736423427932145
2025-03-17,0.0002039672305020268,0.0653683685764254,0.0003234219444845965
2025-03-18,0.00018042057177316499,0.06402403100342503,0.0003656363077684815
2025-03-19,0.0001940048752375696,0.04928405607280097,0.0003851592580907152
2025-03-20,0.00014809090471456918,0.05709775844230025,0.0003857854537730552
2025-03-21,0.00016931115751247833,0.05563658307845468,0.0003734647932220374
2025-03-22,0.0001576117208259154,0.05655167813984367,0.00028054074879361703
2025-03-23,0.0001674607914137838,0.05538687168644642,0.0001906451378685405
2025-03-24,0.00016150425679584398,0.053119248842224395,0.0002833369993645189
2025-03-25,0.00015128414051761071,0.0533567100192645,0.00033028945141035955
2025-03-26,0.0001590473692542014,0.061056773406433194,0.0002824250189306275
2025-03-27,0.00015968103308857634,0.055633684035456765,0.0003684731586183737
2025-03-28,0.00015448040594111384,0.05041840713659539,0.00036927105662237596
2025-03-29,0.00016391303174294986,0.056007485419883714,0.00024515118562319985
2025-03-30,0.00015820086459373954,0.05123872965108976,0.00025434221471036365
2025-03-31,0.0001374602588899614,0.047764410998221395,0.0003337698335475899
2025-04-01,0.0001423440195212099,0.05531307373424294,0.0003061477247252053
2025-04-02,0.00016967873170373494,0.05527969078152402,0.00032441345411797235
2025-04-03,0.0001478324932418112,0.05697964907096052,0.00030416087007267064
2025-04-04,0.00014612674746164954,0.05619467006117302,0.00024016994317854388
2025-04-05,0.00014345083214621477,0.04666724725811057,0.00022462636764874447
2025-04-06,0.00016663866840433542,0.04569492978731769,0.0002845019682950892
2025-04-07,0.00011733175761983538,0.050461691447672305,0.0002821520695978604
2025-04-08,0.00014184716731531195,0.045174468778964735,0.00019365842142308
2025-04-09,0.00015122576125486953,0.05306122071616344,0.00024310975066572213
2025-04-10,0.00013906634800273462,0.04834535862449403,0.00033599606727892134
2025-04-11,0.00012168396837579609,0.05364093001237855,0.00016881259638441522
2025-04-12,0.00013381550569613383,0.04315603211651164,0.00022823971353755633
2025-04-13,0.00011959902650596292,0.04852742993227736,0.0002741492353725943
2025-04-14,0.0001333680592025957,0.04975377542493883,0.00024115900262561442
2025-04-15,0.00011349529584171641,0.05341773931917074,0.0002734315630653183
2025-04-16,0.00012114091121127822,0.044205757223747644,0.00024202372235056577
2025-04-17,0.00014031154168211136,0.04426459619776359,0.00023821604040779213
2025-04-18,0.00014540797188500914,0.04545367186351187,0.00019016072920244879
2025-04-19,0.00012160014546258882,0.04312032942922451,0.00027236824011754807
2025-04-20,0.00013234484040554112,0.04520218786674696,0.0002264921165107361
2025-04-21,0.00010755110420076432,0.03964330117768618,0.00019570248141819377
2025-04-22,0.0001381736335902302,0.03625600396473122,0.00032352432632516025
2025-04-23,0.00011211364080499554,0.04989213236702249,0.00023021602277047612
2025-04-24,0.0001217973722216233,0.0472162701335078,0.00022477586243822132
2025-04-25,0.00012175763509587035,0.04255617391708341,0.00022460775212089604
2025-04-26,0.0001157660355803013,0.047373638312194453,0.00028622655746590866
2025-04-27,0.00012489581447319373,0.04324284155937661,0.0002649715276511895
2025-04-28,0.00013590295837890315,0.042398077053186545,0.00023151090062991406
2025-04-29,0.00011308338716534351,0.047432527783014405,0.00013774241892415025
2025-04-30,0.00012026426833500494,0.04422153394281449,0.00022317148609184398
2025-05-01,0.0001334894178638293,0.04287519613806098,0.0003187250039976135
2025-05-02,7.02803933375683e-05,0.0381802041945244,0.00021551168600220704
2025-05-03,6.403508563223624e-05,0.04729425831425547,0.00014699225390505218
2025-05-04,0.00014473810230697205,0.04069967976095983,0.00023603421588914584
2025-05-05,0.00010012032225010033,0.043788419235967796,0.0002019905543426422
2025-05-06,0.00010231644163544459,0.03582457484393596,0.00016758544073826827
2025-05-07,8.911712355973964e-05,0.0428441853973768,0.00022832986166469756
2025-05-08,0.00011110182581830315,0.04294243427786365,0.00017139841363746273
2025-05-09,9.120621484177681e-05,0.03819561614159933,0.000145464813569616
2025-05-10,8.585772513206715e-05,0.043060080576283834,0.000153783206178598
2025-05-11,8.488089954682315e-05,0.03618404917442786,0.00020307559193800452
2025-05-12,9.975583932430382e-05,0.03430592914812797,0.00021618116129907424
2025-05-13,7.971061659535926e-05,0.040804909716927185,0.0001042009420540482
2025-05-14,0.0001189268153677312,0.04100102333896656,0.00011823665007484137
2025-05-15,7.646961270604057e-05,0.03218596947142868,0.00017779841379112453
2025-05-16,0.00010888397943965212,0.03154126826977725,0.00013625724038152204
2025-05-17,7.3339952917774e-05,0.03101340216183884,0.00015129560584243494
2025-05-18,0.00010396111219518679,0.03382999945266197,8.331132249414405e-05
2025-05-19,9.40096746788934e-05,0.0393392262549344,6.506862004333718e-05
2025-05-20,5.5044171652895264e-05,0.026629116427869984,0.0001636002319017084
2025-05-21,6.992033034400495e-05,0.03686941886397591,0.00014174852176624677
2025-05-22,5.069586920516634e-05,0.0284823132239315,0.0001648619403716588
2025-05-23,8.588568428041579e-05,0.04006637461577283,0.00018607262548853566
2025-05-24,7.03889337690514e-05,0.02733291525116026,0.00016123521060494437
2025-05-25,7.983903939115076e-05,0.02867697157959428,0.00020341261613260943
2025-05-26,7.21049218428797e-05,0.033879902471420996,0.00012940140452845743
2025-05-27,9.746361904205445e-05,0.03360047928744152,0.00010454885001270314
2025-05-28,3.9030527997187114e-05,0.029137173208338113,0.00010497218544185807
2025-05-29,7.415148937328306e-05,0.03660966569172837,7.532308164836607e-05
2025-05-30,6.690577587200401e-05,0.03280616006991128,0.00015307512800511694
2025-05-31,7.650517101282959e-05,0.03209320693673058,9.30593015005713e-05
2025-06-01,7.098581289763179e-05,0.03790701476180348,0.00012522278816918275
2025-06-02,8.56589737436085e-05,0.02882214791028445,0.00010313543251079041
2025-06-03,7.492060875973835e-05,0.030585881870916962,0.00023302831885131466
2025-06-04,7.685995906691603e-05,0.03138919995702477,0.000114831534384068
2025-06-05,4.568343888025034e-05,0.03591919792970165,0.00021118254175529194
2025-06-06,7.283489382906312e-05,0.03269245374686602,0.00016601323066484276
2025-06-07,7.15418632074791e-05,0.028382415277267755,0.00010580328218819888
2025-06-08,0.00010110217927189767,0.02713030285365258,6.900219101566795e-05
2025-06-09,5.913862121350089e-05,0.03047519554906314,0.00016574027674256766
2025-06-10,4.921305706880014e-05,0.02740588866631332,0.0001392973544984113
2025-06-11,3.692465925814471e-05,0.036843428271567384,0.00015792805019528217
2025-06-12,6.459316820431413e-05,0.02367894352534802,0.0002207311799103005
2025-06-13,6.170660409390087e-05,0.019478612850794212,0.0001914220104936727
2025-06-14,3.892090192405413e-05,0.027145463876992047,6.847724428617316e-05
2025-06-15,6.179979448513588e-05,0.02884064145580588,8.77629690662169e-05
2025-06-16,5.7121143863823575e-05,0.028255503978380465,0.00022576397804464836
2025-06-17,6.554772341319525e-05,0.024341475205596205,0.00017751677858101171
2025-06-18,4.481700353528501e-05,0.025465725416285785,1.5030269801112004e-05
2025-06-19,6.171114092808008e-05,0.029612037222758618,0.00012159608192221056
2025-06-20,6.269214299202325e-05,0.026439513890772304,0.00016305270542475595
2025-06-21,4.148401360744838e-05,0.03711286105491517,0.00012304860097064736
2025-06-22,5.872567213737604e-05,0.028909614702420858,1.6236884927897804e-05
2025-06-23,5.242467388868583e-05,0.02546088884203347,7.06116936841421e-05
2025-06-24,4.8844109935940046e-05,0.02671109578285724,0.0001414277914256574
2025-06-25,6.0641299162427406e-05,0.022736399874502544,0.00013245526943131332
2025-06-26,3.594611130054979e-05,0.0264166439345711,0.0001192954295753993
2025-06-27,5.223941238606237e-05,0.025256738958546257,0.00010880097793601949
2025-06-28,1.2932568029202001e-05,0.024912092862058893,0.00010279543507160076
2025-06-29,3.7126230256842906e-05,0.028247168304361175,9.629417648473999e-05
2025-06-30,4.7785115667808635e-05,0.02554023749714609,0.00015335130168996772
2025-07-01,3.0109128752989843e-05,0.024332264072969505,0.00018163654847753633
2025-07-02,6.107661235552411e-05,0.024472534677663055,5.5975541831334e-05
2025-07-03,5.7548556439379896e-05,0.032472926081942334,0.00013633455428019956
2025-07-04,4.2146514520959414e-05,0.03356518841806102,0.00019095337521857848
2025-07-05,5.95365084885383e-05,0.027635817575294826,7.024574818390572e-05
2025-07-06,6.742630274311722e-05,0.021294901219631016,6.635118335484899e-05
2025-07-07,3.73472251326045e-05,0.025565566353563777,9.014317023683607e-05
2025-07-08,4.284339557409769e-05,0.024154826172957347,0.00014226596482119595
2025-07-09,2.7194021555853298e-05,0.02762058850138602,0.00011280659677282929
2025-07-10,4.8853960297678075e-05,0.02492315379212747,0.00022319970561455752
2025-07-11,3.1637557763333284e-05,0.02220361670503031,0.00013640499512583494
2025-07-12,4.7697123354416045e-05,0.01838241532245738,8.599577775632685e-05
2025-07-13,6.810885909295436e-05,0.026699661990314875,0.00010567753464153677
2025-07-14,5.936529971187765e-05,0.027381674852923282,6.47745725404993e-05
2025-07-15,3.2613100784797115e-05,0.02993262936112427,7.862231112421227e-05
2025-07-16,3.8314937648080753e-05,0.02084008731038747,0.00015189087941279677
2025-07-17,4.834881924885367e-05,0.029815221513095364,0.00014882285313886883
2025-07-18,4.8987453003272735e-05,0.029280727270321955,8.417211971302323e-05
2025-07-19,5.622235279077652e-05,0.028668874941602487,4.25153547750775e-05
2025-07-20,1e-05,0.02839564421752397,7.601869585444244e-05
2025-07-21,4.30342474857832e-05,0.03456258553776981,8.266804301314303e-06
2025-07-22,2.5501026592208767e-05,0.02454883184875376,0.00020795729827746278
2025-07-23,3.307639215211503e-05,0.022665973139847726,0.00018258678105623964
2025-07-24,2.88243095658799e-05,0.02531007288565943,0.00011924917719458562
2025-07-25,5.4580106265322716e-05,0.02129568296496831,0.00010291467135412763
2025-07-26,5.4264944107334426e-05,0.023104678836534956,0.00011276644283962783
2025-07-27,3.829565520394965e-05,0.022435751701718302,0.0001757891875420367
2025-07-28,8.591704694888944e-05,0.027622682925981114,9.1260235953702e-05
2025-07-29,5.7332965818710394e-05,0.02579516910391338,5.930343122417941e-05
2025-07-30,4.840046314887197e-05,0.020375665066826584,6.365199901704714e-05
2025-07-31,5.583777314034855e-05,0.025146543686102977,0.0001426328184315555
2025-08-01,5.732721853845089e-05,0.02422792510635856,9.848263658516995e-05
2025-08-02,2.440781019465991e-05,0.02729471276679428,0.0001051813975634252
2025-08-03,4.149090614181014e-05,0.019234521843038335,-6.0891814543027846e-06
2025-08-04,2.5039664111746487e-05,0.019128009159109737,0.00015361413555625301
2025-08-05,5.122136142074923e-05,0.02426702722123484,0.00017366468666680447
2025-08-06,3.472118960189648e-05,0.03271205075679287,9.729852435441941e-05
2025-08-07,4.974256291103872e-05,0.030374788763423945,4.2672388923982904e-05
2025-08-08,4.6773775533450326e-05,0.02850584017013737,0.00013054845965539754
2025-08-09,6.464524574315178e-05,0.023268090112576415,0.00012734695001990722
2025-08-10,5.919174811229341e-05,0.026853344971852332,8.296699019770842e-05
2025-08-11,2.7173691910184843e-05,0.03255166162311225,0.000193931940063939
2025-08-12,8.301379416062623e-05,0.020960718610235754,8.782075906728563e-05
2025-08-13,4.8674870320681756e-05,0.035219029607437,0.00014105325327530625
2025-08-14,5.9428228450063534e-05,0.028271797450429945,0.00014085497219708257
2025-08-15,4.587693816883453e-05,0.02626158549067653,0.00021116993066761717
2025-08-16,2.6833992766524945e-05,0.029455623946694383,8.692825807274346e-05
2025-08-17,3.6209910010124945e-05,0.03129241127678535,0.00016009866850213425
2025-08-18,5.151815090963707e-05,0.02497624692597226,0.00012843243502469296
2025-08-19,3.7275403787825616e-05,0.028284738567979792,0.00019056359175399085
2025-08-20,3.396012742241674e-05,0.025108806963506397,0.00014272559344409352
2025-08-21,5.113502664448603e-05,0.03205046149230431,0.00014216120138844877
2025-08-22,4.2983746823937665e-05,0.029424377684480727,0.00011727142790802355
2025-08-23,4.3822906477794175e-05,0.024803053959878536,8.968920258488287e-05
2025-08-24,4.238218520482324e-05,0.030850217607390488,0.00011067571302215474
2025-08-25,7.598957598254654e-05,0.026230133268938183,0.00015634173980912024
2025-08-26,5.386627455103479e-05,0.025419365872147236,7.361230609185287e-05
2025-08-27,7.032674145703161e-05,0.031016236210875073,0.00014906925098624382
2025-08-28,6.902297037549432e-05,0.03194269459803976,9.729949471708955e-05
2025-08-29,9.493216488230854e-05,0.031235685994416618,0.0001124527198136207
2025-08-30,6.121240778704825e-05,0.021143046647931554,0.0001310555390883408
2025-08-31,4.983062373488028e-05,0.03220473392825198,8.539246184678659e-05
2025-09-01,7.165348894591944e-05,0.03233079177556218,4.919621486663563e-05
2025-09-02,9.143460978158523e-05,0.034696228849979666,0.0001878618856866468
2025-09-03,7.709171562326235e-05,0.03731393600048566,0.00014363338653885743
2025-09-04,8.395590024493224e-05,0.0332624198972221,0.00013312484696398927
2025-09-05,6.486520401686824e-05,0.035829089790816934,0.00020256598913045504
2025-09-06,6.705185519584141e-05,0.03136291254459281,0.0001428021038306627
2025-09-07,4.933510306140716e-05,0.032564167045655026,9.633775724369548e-05
2025-09-08,6.189894226060655e-05,0.031827286535551336,8.262384176994322e-05
2025-09-09,8.560201441430751e-05,0.03137397615438487,0.0001867863187804958
2025-09-10,9.223157978982674e-05,0.03663454821204991,7.963547524701803e-05
2025-09-11,7.300355728783946e-05,0.03236258963214054,8.248954204609199e-05
2025-09-12,8.4825896694829e-05,0.03321241946265638,0.00020319321216899955
2025-09-13,3.9755743643615634e-05,0.030616952110510007,0.00016134778700667844
2025-09-14,7.065307717332085e-05,0.026892228380702484,0.00021438896241573923
2025-09-15,9.349165519294999e-05,0.03252180509461888,0.00023483732644936323
2025-09-16,4.557001348283591e-05,0.039696762514756595,0.0001203898612632506
2025-09-17,9.728078251196911e-05,0.028052343958903263,0.00012763421271492164
2025-09-18,9.803601698403943e-05,0.03458440167012374,0.00015327081754673645
2025-09-19,6.581190002368282e-05,0.034358599555619124,0.0001107967733939911
2025-09-20,9.954527261732492e-05,0.03858698490676149,7.911932563415141e-05
2025-09-21,0.00010289902250916214,0.028532949105966463,0.00022002859886391838
2025-09-22,9.644352104184919e-05,0.041969204060935655,0.0002488867552043196
2025-09-23,9.281791741660032e-05,0.03715923433557354,0.00015110619528290432
2025-09-24,0.0001017115657575116,0.037982673609600504,0.00016642925503866619
2025-09-25,9.426096050318627e-05,0.03709597765905889,0.0002624784144732805
2025-09-26,0.00010628335246618967,0.03700030908815846,0.00020372350071100375
2025-09-27,0.00011246445636201328,0.03661670233885583,0.00019515686754708705
2025-09-28,0.00013127650182931724,0.03814442125204101,0.00014469714648870647
2025-09-29,0.00012683749048175605,0.03544579007654259,0.00017234041655229737
2025-09-30,0.00012600839737149673,0.04845804676722068,0.00015639720523922363
2025-10-01,0.00011912738406273525,0.03801615483994271,0.00023430608102612644
2025-10-02,0.00010931668616564757,0.04373524315880423,0.00018733372412300443
2025-10-03,0.0001259252479934568,0.04290198905183126,0.00022909130210532666
2025-10-04,0.00010810967820776796,0.040237537958435335,0.00025153047511293334
2025-10-05,0.00011047701933691555,0.04572032363092223,0.00020821332548541697
2025-10-06,0.00010571698055452861,0.04551737273630624,0.00019786225489170245
2025-10-07,0.00012601796201062342,0.042274140226010476,0.00028890817952422697
2025-10-08,0.00014163955380604097,0.04704723577231244,0.0001628353100977788
2025-10-09,0.0001350184681186898,0.03957855586365994,0.0002584324365168276
2025-10-10,0.0001498924600472923,0.05015481042074574,0.0002701238167618245
2025-10-11,0.00011623525676966526,0.044910342308509564,0.00021522928131378178
2025-10-12,0.00010039239553370049,0.042116463283456064,0.00028842405480616163
2025-10-13,0.00012501053090789623,0.04366568446143509,0.00022854012362893164
2025-10-14,0.00013022692565009493,0.05035989750726776,0.00014937621538402645
2025-10-15,0.0001415776280521678,0.05059818983613733,0.00017022001825735963
2025-10-16,0.00015815008310265615,0.05402429227573287,0.0002611206640161257
2025-10-17,0.000131834178004163,0.048888697624966906,0.0002944118453865805
2025-10-18,0.00014636199498156748,0.05333856975996847,0.0002799597166629224
2025-10-19,0.00014644691403275134,0.04787040980054677,0.00023270536437667468
2025-10-20,0.0001304099520210797,0.05253831529630251,0.0002794367253771216
2025-10-21,0.00015908922993902052,0.04894554581649138,0.000274010785804402
2025-10-22,0.00012699535543323523,0.055271301443151635,0.00024231704556805988
2025-10-23,0.0001373348047741435,0.048198041672941457,0.00029928679531091636
2025-10-24,0.00012972347340040627,0.05241134034966776,0.00034718075694464113
2025-10-25,0.00014963473591415256,0.05224215881399549,0.00026037308975897504
2025-10-26,0.00015119907694538098,0.04879686366674633,0.0003044693771380279
2025-10-27,0.00012604446167460844,0.050207169742508724,0.0003668405911563692
2025-10-28,0.00015393170132304762,0.0468412575423448,0.00026140333095687703
2025-10-29,0.00014588515597482575,0.05148399371549301,0.00022681956012524597
2025-10-30,0.00015240465892778983,0.05317352859200719,0.0002574057367679914
2025-10-31,0.0001615063893723375,0.05615117919846592,0.0003868474659156333
2025-11-01,0.00017751201997822156,0.056162745996130616,0.00038252262510439
2025-11-02,0.0001594833101294482,0.05246871183494627,0.0003237634350819024
2025-11-03,0.00017734655654314487,0.05281388926008275,0.00029280507731938547
2025-11-04,0.0001435491663639354,0.05907978290902245,0.00038186071435770367
2025-11-05,0.00013781567337619834,0.05602777085223418,0.0002672150493612528
2025-11-06,0.00014626253358648183,0.06121348425545727,0.0002940832138537769
2025-11-07,0.00016804351594063027,0.04848457963722214,0.0002990926500973184
2025-11-08,0.00017410760081173284,0.054640553046183274,0.0003777255931642154
2025-11-09,0.00018231536006064865,0.06325456019512353,0.00032901332060633517
2025-11-10,0.00016874452756096323,0.056818126381168774,0.00022262495659130513
2025-11-11,0.00016971464393028464,0.05897772654055454,0.00034704514755745235
2025-11-12,0.00015355125724467967,0.055670266010561006,0.00020198719449501448
2025-11-13,0.00017445289188792662,0.0610555060824506,0.0003036447547603129
2025-11-14,0.00014965949325961228,0.052878422483304356,0.0002487465586649512
2025-11-15,0.00018186553002291853,0.05467540243539673,0.0003796940960134624
2025-11-16,0.00016628639530410653,0.054479550428363985,0.00027863084145797755
2025-11-17,0.00017876146895708886,0.05831339988156161,0.0003468898805634433
2025-11-18,0.00017199206936221285,0.058590519981381914,0.0003537129399295504
2025-11-19,0.0001996128763204052,0.05450009597745069,0.0004100868627753986
2025-11-20,0.00018918674833156006,0.061664445621522436,0.0003565084541276299
2025-11-21,0.0001904048619566526,0.0632299147106954,0.0004144322505639618
2025-11-22,0.00018703747167105774,0.05490630742851683,0.00030564820350409454
2025-11-23,0.00017055763678295671,0.06608216678316187,0.0004287944126792606
2025-11-24,0.00018972471330538479,0.0649712052376971,0.00030049592528979993
2025-11-25,0.00019923810722866255,0.06117398994193471,0.00039130269329864294
2025-11-26,0.00019437682376445924,0.06851527307263532,0.00047004320642285273
2025-11-27,0.00021188589010088003,0.06561197046670382,0.00034604141004993466
2025-11-28,0.00017743449134751437,0.06396279062767936,0.0003095816553690116
2025-11-29,0.00017424541977140685,0.06665177707848456,0.0003265242967601
2025-11-30,0.00016990304821547025,0.06541937249535243,0.0003047788556450776
2025-12-01,0.00021313861625591555,0.07039323166846773,0.00040279952489875105
2025-12-02,0.00020492631835711045,0.05689320970540082,0.0003393758864379401
2025-12-03,0.00019372250218008445,0.06296322434835126,0.00028248708121910186
2025-12-04,0.00020721802411272043,0.060190398670384004,0.0003714971528734394
2025-12-05,0.00019868191692299796,0.05943273085695265,0.0003937518624027464
2025-12-06,0.0002145992065602363,0.055802619533830713,0.0003214117630916216
2025-12-07,0.00020491299417530848,0.06935082618433129,0.0003567655548017705
2025-12-08,0.0002040207740834157,0.06710762649169201,0.00039378233434387444
2025-12-09,0.0001944904632748233,0.06358651183219333,0.00042049655418852875
2025-12-10,0.00021195310843169697,0.0674952502022456,0.00035089135408180705
2025-12-11,0.00020710861722840327,0.06150223505712807,0.0002380800093321537
2025-12-12,0.00023148782788110026,0.06353032449023206,0.0003792304411308493
2025-12-13,0.00022556658455353694,0.0708091886492467,0.00039650933068234633
2025-12-14,0.0001991895436118049,0.07186579349997319,0.00028635496748547623
2025-12-15,0.00020691652464655466,0.07362380929919796,0.00040222909022894794
2025-12-16,0.0001832936296049615,0.06419465067909993,0.0004118406707922306
2025-12-17,0.0001992871521079301,0.06932073358606217,0.0004901954295106513
2025-12-18,0.00021908753987536932,0.06791541790883981,0.00034458016643241173
2025-12-19,0.00023266031053479597,0.065130353931423,0.00040464513231548336
2025-12-20,0.0002239607396204619,0.07014924281533468,0.00046100769223651695
2025-12-21,0.00022332903595985416,0.07006100966658249,0.0004761594376022414
2025-12-22,0.00020717161713242725,0.06538504619322064,0.0002964264529281122
2025-12-23,0.00017858654469177964,0.06581419508393213,0.00035307033197832025
2025-12-24,0.00022234748660939228,0.06386378642237811,0.00034571817446759457
2025-12-25,0.0001901555978853664,0.0732381853266964,0.00041571333912394513
2025-12-26,0.00019943329766969618,0.06889881795285238,0.0004307960540225532
2025-12-27,0.0002309010765936122,0.07169320408807593,0.0003421156217836196
2025-12-28,0.00019857497270614314,0.06849846574868448,0.0004331505688689617
2025-12-29,0.00021166949549817978,0.06899204148227323,0.0004407902550214814
2025-12-30,0.0002378355992829974,0.072249126128379,0.0003315795057263086
2025-12-31,0.00022300915114157062,0.06638781461911518,0.0004390742803307454
2026-01-01,0.00023456768894343754,0.07084992024255211,0.0002569643057808767
2026-01-02,0.0002055945482676286,0.06971751788939072,0.00038583123843028214
2026-01-03,0.0002094360511890075,0.07002178851073167,0.000526579619856376
2026-01-04,0.00019978312545450972,0.06706710436978147,0.00044700409026825617
2026-01-05,0.00022350621573780506,0.06623291134736783,0.0003284987923821071
2026-01-06,0.0002145399709749579,0.07360458025025104,0.0004190358462441548
2026-01-07,0.00023297187319849252,0.06471447560069388,0.00037092755758951634
2026-01-08,0.00022033962225747908,0.0748971079724062,0.00026912555554103434
2026-01-09,0.00023117715789900848,0.0696304705710711,0.00033979255938423246
2026-01-10,0.0002223383537199962,0.07662701143790382,0.00035229295093615635
2026-01-11,0.00020956587059806498,0.06809484490655632,0.0003351797310711091
2026-01-12,0.0002426288397577084,0.07268294053382404,0.00033814072378935745
2026-01-13,0.00020749025632839602,0.07046890126882026,0.0003428550318242848
2026-01-14,0.00019802735958599497,0.07297605583543697,0.0004276674833524
2026-01-15,0.00023143280737192293,0.0652737670039559,0.0004237337530210596
2026-01-16,0.00022168721190777798,0.06939500059712365,0.0003859742888623853
2026-01-17,0.00023249329865654135,0.0674481702494515,0.00038714324992431844
2026-01-18,0.00022491917497152725,0.07018817142871944,0.00046391286438442593
2026-01-19,0.00025564145904190597,0.07104225183411873,0.0003097308995896252
2026-01-20,0.00019902592498269498,0.06343055818978663,0.00035859151439502957
2026-01-21,0.00018948701531338428,0.06666869221563564,0.00041266697283683226
2026-01-22,0.0002176870642943881,0.06476716343263593,0.00039969689726749436
2026-01-23,0.00021718915539916726,0.06978744475738471,0.0004232908086670502
2026-01-24,0.00022935864962229154,0.07058120090729057,0.00045988777637278244
2026-01-25,0.00022682671849216449,0.06725480861361946,0.00038225344440715386
2026-01-26,0.00022949586644609003,0.06892257152837855,0.00038168904975354617
2026-01-27,0.00018665520786928437,0.06161041413813949,0.0003703234670359932
2026-01-28,0.0002094207756548129,0.07475455989577308,0.0003843551050664313
2026-01-29,0.00022065253321991684,0.06642240158923396,0.0003939800047887022
2026-01-30,0.0002204582830101324,0.07244974728761086,0.00042633596538841533
2026-01-31,0.00020120336758219117,0.06607112508993222,0.0003811451906584619
2026-02-01,0.00018733750618257062,0.06780113224540531,0.0003962642732149294
2026-02-02,0.0002467292020427083,0.07246062055092968,0.0003907059007458307
2026-02-03,0.00020034730424357993,0.07006300179383414,0.0002912787376678851
2026-02-04,0.00023473879376312623,0.05688544891181391,0.00035349474510218854
2026-02-05,0.0002020346188386093,0.07519760453495863,0.0002687697163240361
2026-02-06,0.00020458092041857528,0.07208350625683414,0.00038883170721756063
2026-02-07,0.00020938001895594963,0.07205117783399792,0.0004060208336649954
2026-02-08,0.00019158856323968237,0.06352549414866215,0.0004061582903973283
2026-02-09,0.0002243236218477778,0.07058577599463224,0.0003698448448026774
2026-02-10,0.00022190836397928843,0.06277795989099132,0.0004031747299688784
2026-02-11,0.0001991387659993203,0.06439483180867589,0.0004044625124050949
2026-02-12,0.00022020653873487756,0.06841466327020297,0.00037244234467316437
2026-02-13,0.00020209756834375936,0.061306649356364394,0.00042178916867120563
2026-02-14,0.0001962568188365582,0.05677166738624874,0.0003560533534014189
2026-02-15,0.00021344124050458479,0.062191767823767875,0.00042926125320018603
2026-02-16,0.00022936323284475734,0.06501799266968801,0.000378981279285855
2026-02-17,0.00019092768838835313,0.06203389759051969,0.0003812087837884222
2026-02-18,0.0001986591001377447,0.06503879810564583,0.0004206724491309829
2026-02-19,0.00019685315733501094,0.06858321632151927,0.00038941521985834035
2026-02-20,0.00020494100114840154,0.06879986169345244,0.0003808068721427593
2026-02-21,0.00020894178051895972,0.05769517888622808,0.0003829389980996094
2026-02-22,0.00020574137451656867,0.0716136501278962,0.000387697848847167
2026-02-23,0.00018553064824980076,0.05430140750197493,0.0004955055235494294
2026-02-24,0.00019937367672433678,0.06737317242178047,0.0003433657599001737
2026-02-25,0.00018626522565295695,0.0694463365935829,0.0003227652507431307
2026-02-26,0.0001976665130021075,0.062377392516622894,0.0004365000771647636
2026-02-27,0.00017297452522978908,0.0638805233723664,0.0002976317352910621
2026-02-28,0.00021510465244898279,0.06210033013658853,0.00039514576762599154
2026-03-01,0.0002011952613298191,0.0642690839745347,0.0004232355210014497
2026-03-02,0.00017625051842359404,0.06843242328622288,0.00034899819315143267
2026-03-03,0.00019608456175727594,0.06245967000658172,0.00031407870603591015
2026-03-04,0.00018207600768592368,0.05729194689660604,0.00032135770245148953
2026-03-05,0.00018141877877720766,0.062081481937587064,0.0003950616404934748
2026-03-06,0.00017559587519073552,0.07058713828516962,0.000340558279890625
2026-03-07,0.00019436195062709938,0.05480683726864957,0.0003490377850781325
2026-03-08,0.00020747805413211368,0.0589038116807081,0.0003066981743779515
2026-03-09,0.00020130375649393974,0.06787969699405788,0.0003707207065042557
2026-03-10,0.00019777530169664726,0.0578460986702954,0.0004245473691468725
2026-03-11,0.00016328527637741934,0.0696548165157746,0.00023118776534464253
2026-03-12,0.00015294257576164234,0.06111240427127406,0.00028267877597495147
2026-03-13,0.00017732377678462307,0.06107012277835075,0.0002805730151295784
2026-03-14,0.00018412976922038964,0.0634188594626001,0.00031363644756673184
2026-03-15,0.00017210290779826106,0.06067283890936271,0.00039936595335127623
2026-03-16,0.00014870488605754642,0.059193331257371126,0.00027409305903445955
2026-03-17,0.00018210812749743584,0.05877799528687056,0.0003515768827901896
2026-03-18,0.0001906164335124938,0.054387939820362254,0.0002670458635677481
2026-03-19,0.00015372004084788493,0.05825163318521368,0.0003804824474277654
2026-03-20,0.0001436509285010535,0.05688622138672963,0.00037522463248251543
2026-03-21,0.00016993632993860983,0.04802247990146337,0.00030347737668313566
2026-03-22,0.00018052281421156928,0.049584307973608806,0.00028631251036332527
2026-03-23,0.00016842704158704524,0.05650037447046779,0.00027836377000164356
2026-03-24,0.00018049429414626505,0.05983488901580281,0.0003559605031452728
2026-03-25,0.00016626242840039518,0.05436400849892776,0.0003205112880500196
2026-03-26,0.00015763400072246988,0.0560149626770639,0.00023366692686050886
2026-03-27,0.0001424481761131436,0.04688902493484247,0.0001906932285612588
2026-03-28,0.00016558388526009162,0.05505920088903435,0.0003265445134075134
2026-03-29,0.0001537666152697778,0.055823807274641986,0.00028329971932096985
2026-03-30,0.0001313685654762714,0.05783578187792582,0.00023995761433547895
2026-03-31,0.00016736563830808255,0.05400985232431992,0.00019139450914479073
2026-04-01,0.0001558157642583216,0.04956553450462546,0.0002365933453474909
2026-04-02,0.00016950900243085934,0.05048935220644577,0.0001786661875024122
2026-04-03,0.00013122330341000938,0.050040925558656496,0.0002852465309902003
2026-04-04,0.00013454384368392734,0.051974981558572594,0.00019049968598453202
2026-04-05,0.00017569378476378408,0.059643055075061596,0.0003324287863693399
2026-04-06,0.00015911650752774127,0.051413522358372016,0.0003122544874237181
2026-04-07,0.0001236467005064661,0.04942395326950075,0.00029814981425012153
2026-04-08,0.00015881472734754766,0.04228836262438038,0.0002848521075965562
2026-04-09,0.0001239044473029087,0.04598552944941543,0.00022600172413235676
2026-04-10,0.00010964706312589103,0.05704100936498336,0.0002711503941011221
2026-04-11,0.00010634720226341147,0.05503274388225976,0.00031480782039079995
2026-04-12,0.0001395243415422486,0.05005034411656497,0.0002950437401200722
2026-04-13,0.00011915007355053487,0.046007083880387795,0.00030483952205516353
2026-04-14,0.00013881584307129987,0.047791762577205556,0.00027784514156112934
2026-04-15,0.00011247496383729438,0.0478981287241674,0.00026290346142314783
2026-04-16,9.574142115972828e-05,0.049740622271438224,0.00020011053644698311
2026-04-17,0.0001299270503112475,0.045581076588342984,0.00024117860043100338
2026-04-18,0.00013999043998154663,0.04675275721529646,0.000202667991735508
2026-04-19,0.00013610958798322857,0.0410460370339876,0.000192824802671661
2026-04-20,0.00011127855310167058,0.047822931480270184,0.00015553759585436772
2026-04-21,0.0001221789653762816,0.04378805825827476,0.0002449049877100149
2026-04-22,0.00011938738544197632,0.04411854205335381,0.00024681998884554376
2026-04-23,0.00010829164209789192,0.04654624074955497,0.0002468407660512646
2026-04-24,0.00012589733945961824,0.047401098843013516,0.00019102511450465342
2026-04-25,0.00010299543493904948,0.04132693381442,0.00021257684546078018
2026-04-26,0.000140068087509507,0.044951896102122996,0.00025924910767407216
2026-04-27,0.00010277112790641653,0.04975617023354225,0.00026606044284892044
2026-04-28,0.000125915494304776,0.044307007843747165,0.00016601665741166894
2026-04-29,7.764381305138684e-05,0.04420126431976969,0.00021422726041477017
2026-04-30,0.00011082304537004281,0.038259881586710065,0.00020413372150195148
2026-05-01,0.00010904002084390084,0.039564985755024096,0.00016654182326133213
2026-05-02,0.00010229634947486101,0.04077016782673618,0.00021888206549191454
2026-05-03,0.00010086072084871743,0.03543066766736571,0.00020916428446777634
2026-05-04,7.22710757686886e-05,0.04759216068105099,0.00015913298661639154
2026-05-05,7.629859464149923e-05,0.03487117598939749,0.00016573658106307034
2026-05-06,0.00011459951319507779,0.042046219845416184,0.00022375794079556764
2026-05-07,0.0001321760622572129,0.035411653704077395,0.0002845542166461265
2026-05-08,0.00010578670448343637,0.045218847520685654,0.00027764323421441517
2026-05-09,8.918987634233852e-05,0.03471965255316242,0.0002653464864295827
2026-05-10,9.171015893127952e-05,0.04430389599850177,0.00017951937852265303
2026-05-11,7.762045345410398e-05,0.0376209575219682,0.00014520500787376702
2026-05-12,8.548771447212975e-05,0.03931859579564711,0.00022484173657388775
2026-05-13,0.00010583107207711203,0.03418484505724137,0.00018415636139079006
2026-05-14,8.914708255740109e-05,0.0337469313280193,0.00010811511566291865
2026-05-15,7.85244880763033e-05,0.03946440090427659,0.0001796407207467759
2026-05-16,9.269901189930943e-05,0.03187729743174571,0.00012022422256598658
2026-05-17,0.00011642469352621795,0.044617923336657095,0.00017486352834139332
2026-05-18,7.307069196783994e-05,0.038606042502712094,0.00019375367647156728
2026-05-19,8.838589075892655e-05,0.03853805406453445,0.00011895173022425737
2026-05-20,6.596496930214023e-05,0.04099220562174119,0.00018558771447879587
2026-05-21,6.605045673935741e-05,0.032842668188202,0.00018823101594215262
2026-05-22,6.490598976218267e-05,0.03829504755448509,0.0001280461553838816
2026-05-23,9.248804115894661e-05,0.032959379278901565,0.00019394591254078743
2026-05-24,5.588352852566778e-05,0.027699032044963455,0.00017945721971252235
2026-05-25,9.302115563862386e-05,0.037010784970719544,0.00015406918739589552
2026-05-26,5.430224842936332e-05,0.02663483108815624,0.00012637893280699093
2026-05-27,7.333988107815637e-05,0.02794250629716339,0.00020920982588434694
2026-05-28,6.425901320018324e-05,0.03668577993621801,0.00011510676911158908
2026-05-29,7.400960026194113e-05,0.0335275528755233,0.0001424598892527198
2026-05-30,6.761483845615148e-05,0.0330252569147088,0.00013724810511608467
2026-05-31,6.781057496421603e-05,0.03304206709176672,0.00011529349767936233
2026-06-01,4.6644053548230204e-05,0.03416215306933298,0.00013320494517139687
2026-06-02,5.2100351712259495e-05,0.031175776446841608,0.00017316724989330056
2026-06-03,7.555431991958304e-05,0.034825948589858935,8.57517285657793e-05
2026-06-04,5.758658391659128e-05,0.029020226994012646,0.00011167086220151969
2026-06-05,4.446716290386738e-05,0.03502780058695774,9.908977981303987e-05
2026-06-06,4.77596037109739e-05,0.022663515834808908,0.00022062922528849393
2026-06-07,4.744354172810187e-05,0.03002308775456117,0.00013635030866350332
2026-06-08,5.044695901309632e-05,0.028843079338604614,0.00015618145442786968
2026-06-09,4.434905105632119e-05,0.02394343101113753,0.00012164071516500981
2026-06-10,0.00010203425543977787,0.027729549717589477,0.00022254355151427158
2026-06-11,4.4520512386406545e-05,0.0251498821862986,9.491798589542362e-05
2026-06-12,6.39196537384242e-05,0.03372431874285201,0.00010376638712180409
2026-06-13,6.664910542055799e-05,0.03458702806276635,5.863047438576807e-05
2026-06-14,7.120478848583514e-05,0.03047183648245985,8.603622034731552e-05
2026-06-15,4.97969828577e-05,0.029335042375266303,0.0001976702896711276
2026-06-16,4.3279202623327815e-05,0.025756994164771705,0.00018439552440207944
2026-06-17,5.049681935713061e-05,0.02720158595000622,0.00013617986133960253
2026-06-18,4.657416795830288e-05,0.0259584930003922,0.0001424249766463082
2026-06-19,6.32559698962319e-05,0.03305367945425371,0.0001282059861897867
2026-06-20,5.728305822295739e-05,0.028400452033953826,8.569293556261453e-05
2026-06-21,4.525780222590905e-05,0.02348150125146311,0.00013725660256467992
2026-06-22,3.2428744205572284e-05,0.02707310162092427,8.997286802151437e-05
2026-06-23,4.894018594258734e-05,0.031018320092817325,0.000256812654244781
2026-06-24,6.362804849321844e-05,0.025954717791732702,0.00011628477592324775
2026-06-25,3.371138358262164e-05,0.033292398782395455,0.00021660420379711104
2026-06-26,3.0418004171676634e-05,0.026670307532210145,0.0001261159930469236
2026-06-27,7.084042398750302e-05,0.03095348283179612,0.0001441852689677141
2026-06-28,2.8060657024675838e-05,0.026700315325832308,0.0001606161920449716
2026-06-29,2.6139961246404317e-05,0.022805111174265102,0.000210352610330553
2026-06-30,3.8542693190445906e-05,0.022412656667858286,0.00020227962500187283
2026-07-01,2.4492508452596922e-05,0.023402850369007445,9.009340159653567e-05
